{
    "id": "specialist-homebrew",
    "title": "Specialist Homebrew",
    "version": "1.1.0",
    "description": "My comprehensive collection of homebrew for 5th edition Dungeons & Dragons.\n\nInclude additional character options, equipment, and more.",
    "manifest": "https://github.com/NickTheRipperEX/specialist-homebrew/releases/latest/download/module.json",
    "download": "https://github.com/NickTheRipperEX/specialist-homebrew/releases/latest/download/specialist-homebrew.zip",
    "url":"https://github.com/NickTheRipperEX/specialist-homebrew",
    "readme": "https://github.com/NickTheRipperEX/specialist-homebrew/blob/main/README.md",
    "authors": [
      {
        "name": "NickTheRipperEX",
        "url": "https://github.com/NickTheRipperEX",
        "discord": "NickTheRipperEX",
        "flags": {}
      }
    ],
    "compatibility": {
      "minimum": "12",
      "verified": "12"
    },
    "packs": [
      {
        "name": "specialist-homebrew-creatures",
        "label": "Creatures (Specialist Homebrew)",
        "path": "packs/creatures.db",
        "type": "Actor",
        "system": "dnd5e",
        "private": false,
        "flags": {}
      },
      {
        "name": "specialist-homebrew-items",
        "label": "Items (Specialist Homebrew)",
        "path": "packs/items.db",
        "type": "Item",
        "system": "dnd5e",
        "private": false,
        "flags": {}
      },
      {
        "name": "specialist-homebrew-journal-entries",
        "label": "Journal Entries (Specialist Homebrew)",
        "path": "packs/journal-entries.db",
        "type": "JournalEntry",
        "private": false,
        "flags": {}
      },
      {
        "name": "specialist-homebrew-macros",
        "label": "Macros (Specialist Homebrew)",
        "path": "packs/macros.db",
        "type": "Macro",
        "private": false,
        "flags": {}
      },
      {
        "name": "specialist-homebrew-roll-tables",
        "label": "Roll Tables (Specialist Homebrew)",
        "path": "packs/roll-tables.db",
        "type": "RollTable",
        "private": false,
        "flags": {}
      }
    ]
  }
  